section,desc_en,desc_bm,section_label
0,Food,Makanan,0 - Food
1,Beverages and tobacco,Minuman dan tembakau,1 - Beverages and tobacco
2,"Crude materials, inedible, except fuel","Bahan-bahan mentah tidak boleh dimakan, kecuali bahan api","2 - Crude materials, inedible, except fuel"
3,"Mineral fuels, lubricants, etc","Bahan api, galian pelincir, dll.","3 - Mineral fuels, lubricants, etc"
4,"Animal and vegetable oils, and fats","Minyak dan lemak binatang, dan sayur-sayuran","4 - Animal and vegetable oils, and fats"
5,Chemicals,Bahan kimia,5 - Chemicals
6,Manufactured goods,Barang-barang keluaran kilang,6 - Manufactured goods
7,Machinery and transport equipment,Jentera dan kelengkapan pengangkutan,7 - Machinery and transport equipment
8,Miscellaneous manufactured goods,Pelbagai barang keluaran kilang,8 - Miscellaneous manufactured goods
9,Miscellaneous transactions and commodities,Pelbagai urus niaga dan barangan,9 - Miscellaneous transactions and commodities
