date,exports,exports_domestic,re_exports,imports,imports_retained,total,balance,exports_yoy_pct,imports_yoy_pct,exports_3m_ma,trade_balance_3m_ma,exports_yoy_zscore,is_export_anomaly
2000-01-01,25431.356829,,,20823.323043,,46254.679872,4608.033786,,,,,,False
2000-02-01,27283.174258,,,22067.33838,,49350.512638,5215.835878,,,,,,False
2000-03-01,31988.645788,,,24984.873231,,56973.519019,7003.772557,,,28234.392291666667,5609.214073666667,,False
2000-04-01,28902.713733,,,25500.475032,,54403.188765,3402.238701,,,29391.51125966667,5207.282378666667,,False
2000-05-01,30269.492381,,,26032.155365,,56301.647746,4237.337016,,,30386.950634000004,4881.116091333333,,False
2000-06-01,31762.585998,,,26992.274608,,58754.860606,4770.31139,,,30311.597370666666,4136.629035666667,,False
2000-07-01,32704.77028,,,28657.527281,,61362.297561,4047.242999,,,31578.949553,4351.630468333334,,False
2000-08-01,34007.709517,,,29089.502799,,63097.212316,4918.206718,,,32825.02193166667,4578.587035666667,,False
2000-09-01,34941.150362,,,28742.466416,,63683.616778,6198.683946,,,33884.54338633334,5054.7112210000005,,False
2000-10-01,32971.839574,,,27281.317008,,60253.156582,5690.522566,,,33973.566484333336,5602.471076666666,,False
2000-11-01,32778.559823,,,26765.489297,,59544.04912,6013.070526,,,33563.84991966667,5967.425679333333,,False
2000-12-01,30228.316955,,,24522.125807,,54750.442762,5706.191148,,,31992.90545066667,5803.261413333334,,False
2001-01-01,28054.917092,,,25014.292247,,53069.209339,3040.624845,10.316241798032145,20.12632275523787,30353.931289999997,4919.962173,0.20468175677779932,False
2001-02-01,28434.980985,,,22202.15838,,50637.139365,6232.822605,4.221674194168457,0.6109481699985597,28906.07167733333,4993.212866000001,-0.23587243249781298,False
2001-03-01,29585.276901,,,25426.231891,,55011.508792,4159.04501,-7.513193596652923,1.7665034996150464,28691.724992666666,4477.497486666666,-1.0841434669456635,False
2001-04-01,27333.623326,,,22863.41885,,50197.042176,4470.204476,-5.4288687958337745,-10.341204148906302,28451.293737333337,4954.024030333334,-0.9334751861918662,False
2001-05-01,28030.322908,,,23219.540745,,51249.863653,4810.782163,-7.397446395254114,-10.804386269842015,28316.407711666663,4480.0105496666665,-1.0757765215300699,False
2001-06-01,27416.637806,,,24191.01237,,51607.650176,3225.625436,-13.682601889763168,-10.378014741928265,27593.528013333333,4168.870691666666,-1.5301076182266102,False
2001-07-01,26923.582116,,,22568.164442,,49491.746558,4355.417674,-17.676895799923653,-21.24873782476431,27456.847609999997,4130.608424333333,-1.818840639122743,False
2001-08-01,27665.106965,,,22201.261374,,49866.368339,5463.845591,-18.650484381576536,-23.679474594652728,27335.108962333336,4348.296233666667,-1.8892178268343314,False
2001-09-01,27532.841779,,,22236.474758,,49769.316537,5296.367021,-21.202245793993246,-22.635467547692166,27373.84362,5038.543428666667,-2.0736754050158166,False
2001-10-01,28708.859071,,,24373.24334,,53082.102411,4335.615731,-12.929155782868662,-10.659579473920688,27968.935938333332,5031.942781,-1.4756437316376185,False
2001-11-01,28329.918367,,,24352.770731,,52682.689098,3977.147636,-13.571802666200394,-9.01428903177357,28190.539739,4536.376796,-1.522098344184245,False
2001-12-01,26267.747322,,,21580.523897,,47848.271219,4687.223425,-13.102183753385876,-11.995705156851866,27768.841586666666,4333.328930666667,-1.488151296116006,False
2002-01-01,27316.928138,,,23032.946501,,50349.874639,4283.981637,-2.6305155405732528,-7.920854711520486,27304.864609,4316.117566,-0.7311923779912464,False
2002-02-01,24012.915306,,,20364.232876,,44377.148182,3648.68243,-15.551498632380746,-8.278138875252916,25865.863588666663,4206.629163999999,-1.6652033859332072,False
2002-03-01,30576.21358,,,25581.215994,,56157.429574,4994.997586,3.349425061377409,0.609544126178041,27302.019008,4309.220550999999,-0.2989241589729617,False
2002-04-01,28983.013933,,,26948.791099,,55931.805032,2034.222834,6.0342918585224,17.868597324848466,27857.380939666666,3559.300949999999,-0.10484487525489128,False
2002-05-01,28995.522832,,,25368.194525,,54363.717357,3627.328307,3.443413503183468,9.253644607345146,29518.250115,3552.182908999999,-0.29213007537712204,False
2002-06-01,29105.760441,,,24841.759927,,53947.520368,4264.000514,6.160940108529078,2.6900385442612196,29028.099068666666,3308.517218333333,-0.09568993256962265,False
2002-07-01,30946.934681,,,26869.778749,,57816.71343,4077.155932,14.943600549382396,19.060541312764336,29682.739317999996,3989.4949176666664,0.5391767391447412,False
2002-08-01,31509.652096,,,26830.891766,,58340.543862,4678.76033,13.896729681413689,20.85300611532721,30520.782406,4339.972258666666,0.46350224072391344,False
2002-09-01,31196.582867,,,26416.151108,,57612.733975,4780.431759,13.306803262111622,18.79648818208597,31217.72321466667,4512.116007,0.4208585993238041,False
2002-10-01,33023.867947,,,26994.854552,,60018.722499,6029.013395,15.030234623147276,10.7561032211809,31910.034303333334,5162.735161333333,0.5454392021465354,False
2002-11-01,32075.412101,,,25606.045802,,57681.457903,6469.366299,13.22098315102429,5.146334619759041,32098.620971666667,5759.603817666666,0.4146549747320195,False
2002-12-01,29687.213053,,,24235.602593,,53922.815646,5451.61046,13.017734977738638,12.303124375813201,31595.497700333333,5983.330051333333,0.39996290139332286,False
2003-01-01,31622.061328,,,24541.827701,,56163.889029,7080.233627,15.759946243777033,6.550969064832812,31128.228827333336,6333.736795333333,0.5981874087999054,False
2003-02-01,27006.772637,,,21284.135134,,48290.907771,5722.637503,12.467696207848356,4.517244836087797,29438.682339333332,6084.827196666665,0.3602025935110136,False
2003-03-01,33107.681531,,,25834.14027,,58941.821801,7273.541261,8.27920679052243,0.9887109199942845,30578.838498666668,6692.137463666666,0.057431883679245836,False
2003-04-01,32155.266872,,,25463.889805,,57619.156677,6691.377067,10.945214139334492,-5.510084992477083,30756.57368,6562.518610333333,0.25014788627377416,False
2003-05-01,31952.415059,,,24973.417969,,56925.833028,6978.99709,10.197754474482924,-1.5561870420496615,32405.121154000004,6981.305139333333,0.19611673786939116,False
2003-06-01,32391.394845,,,24911.579076,,57302.973921,7479.815769,11.288605259636753,0.2810555661320935,32166.358925333334,7050.063308666667,0.27497038500416815,False
2003-07-01,32997.985742,,,27596.949473,,60594.935215,5401.036269,6.627638834482852,2.7062773043007082,32447.26521533333,6619.949709333333,-0.0619539742190777,False
2003-08-01,33461.772492,,,25519.297789,,58981.070281,7942.474703,6.195309266038529,-4.888372658049511,32950.38435966666,6941.108913666666,-0.09320551081785426,False
2003-09-01,34059.586361,,,27317.682752,,61377.269113,6741.903609,9.177298379780275,3.4128046902600406,33506.44819833333,6695.138193666666,0.12235166761107168,False
2003-10-01,37106.151914,,,30368.985271,,67475.137185,6737.166643,12.361616675404763,12.499162432975641,34875.836922333336,7140.514984999999,0.3525344888230295,False
2003-11-01,33256.04142,,,26602.971794,,59859.013214,6653.069626,3.680792362955154,3.893322693042034,34807.25989833334,6710.713292666666,-0.2749708184920911,False
2003-12-01,38767.261027,,,32122.97614,,70890.237167,6644.284887,30.58572038335012,32.54457369786265,36376.484787,6678.173718666666,1.6698888535918608,False
2004-01-01,35316.065206,,,28518.240804,,63834.30601,6797.824402,11.681730168327498,16.202595631612127,35779.789217666665,6698.392971666665,0.3033879589305782,False
2004-02-01,32432.73486,,,26382.054409,,58814.789269,6050.680451,20.09111675775095,23.951733264728304,35505.35369766667,6497.5965799999985,0.9112720176552661,False
2004-03-01,40238.448602,,,33323.302835,,73561.751437,6915.145767,21.538104576495876,28.989401182809328,35995.749555999995,6587.88354,1.0158695193672376,False
2004-04-01,39876.514956,,,33525.332913,,73401.847869,6351.182043,24.01238999115094,31.658333309379483,37515.899472666664,6439.002753666665,1.19472663864815,False
2004-05-01,38630.9576,,,31589.334324,,70220.291924,7041.623276,20.901526625352428,26.491833689775547,39581.97371933333,6769.3170286666655,0.9698536079186647,False
2004-06-01,39877.83431,,,34645.553686,,74523.387996,5232.280624,23.112433103990337,39.0740971509822,39461.76895533333,6208.361980999999,1.1296720190956995,False
2004-07-01,42435.331205,,,34929.971772,,77365.302977,7505.359433,28.59976223029912,26.57185826344466,40314.707705,6593.087777666667,1.526331141064722,False
2004-08-01,41529.135846,,,33329.56441,,74858.700256,8199.571436,24.109193127556928,30.60533516861339,41280.76712033334,6979.070497666665,1.2017241863087325,False
2004-09-01,44450.311537,,,37635.523962,,82085.835499,6814.787575,30.50749080117403,37.769825880434915,42804.926196,7506.572814666666,1.6642339208069477,False
2004-10-01,44128.365943,,,36031.193994,,80159.559937,8097.171949,18.924662533790105,18.64470831828209,43369.27110866666,7703.843653333332,0.8269532721156478,False
2004-11-01,38741.533723,,,32769.530878,,71511.064601,5972.002845,16.494724172736497,23.179963245274713,42440.070401,6961.320789666665,0.6513018405087492,False
2004-12-01,43595.758641,,,36952.566941,,80548.325582,6643.1917,12.455090935202072,15.034692862676957,42155.219435666666,6904.122164666666,0.3592914040662102,False
2005-01-01,39205.80893,,,31245.787987,,70451.596917,7960.020943,11.014091466053678,9.564219622612313,40514.367097999995,6858.405162666666,0.25512677842897896,False
2005-02-01,36824.80496,,,29459.812858,,66284.617818,7364.992102,13.542089863709993,11.66610606318077,39875.45751033333,7322.734915,0.437866614453355,False
2005-03-01,46987.097029,,,36538.367802,,83525.464831,10448.729227,16.77164170455758,9.648098157974804,41005.90363966667,8591.247424,0.6713192046036689,False
2005-04-01,43797.531125,,,34996.87442,,78794.405545,8800.656705,9.832895811799203,4.3893419666218625,42536.47770466667,8871.459344666666,0.16974242835530706,False
2005-05-01,42915.869585,,,35960.427961,,78876.297546,6955.441624,11.091912422590312,13.837245166888689,44566.83257966667,8734.942518666665,0.260752173148354,False
2005-06-01,44749.721803,,,36731.166921,,81480.888724,8018.554882,12.217031283913782,6.019858288028401,43821.04083766667,7924.884403666666,0.34208293523143024,False
2005-07-01,43784.289554,,,37599.442074,,81383.731628,6184.84748,3.178856652451567,7.642348867112059,43816.62698066666,7052.947995333333,-0.31125393066385526,False
2005-08-01,46746.312908,,,36654.458072,,83400.77098,10091.854836,12.56269112207522,9.975808927771102,45093.44142166667,8098.4190659999995,0.3670694313480394,False
2005-09-01,48016.870418,,,39967.688863,,87984.559281,8049.181555,8.023698277190316,6.196711658258702,46182.49096,8108.627957,0.038962099888073386,False
2005-10-01,49748.242713,,,39129.358191,,88877.600904,10618.884522,12.73529316100015,8.598561006654148,48170.475346333325,9586.640304333332,0.37954620677632145,False
2005-11-01,43711.720972,,,34610.917341,,78322.638313,9100.803631,12.829092633597284,5.619203002494699,47158.944701,9256.289902666666,0.38632663047337135,False
2005-12-01,49745.390585,,,39976.495173,,89721.885758,9768.895412,14.10603264102055,8.183269749103307,47735.11809,9829.527854999998,0.47863199260723494,False
2006-01-01,43199.834655,,,34170.419111,,77370.253766,9029.415544,10.18733150521427,9.360081189876901,45552.315404,9299.704862333332,0.19536329922132611,False
2006-02-01,42409.082571,,,34732.835413,,77141.917984,7676.247158,15.164445859430288,17.89903615619226,45118.102603666666,8824.852704666664,0.5551408456814855,False
2006-03-01,51429.024693,,,41522.379826,,92951.404519,9906.644867,9.453505206458024,13.640488953989859,45679.313973000004,8870.769189666666,0.14231765740865185,False
2006-04-01,45900.138502,,,38715.697672,,84615.836174,7184.44083,4.800744067054996,10.626158231647032,46579.41525533333,8255.777618333332,-0.1940135714652876,False
2006-05-01,48243.868633,,,39922.705561,,88166.574194,8321.163072,12.414985644057053,11.018438390936813,48524.34394266666,8470.749589666664,0.35639233801682296,False
2006-06-01,49157.212456,,,40629.381278,,89786.593734,8527.831178,9.849202353487097,10.612824703838397,47767.073197,8011.145026666665,0.17092116911595515,False
2006-07-01,50558.415878,,,41131.605572,,91690.02145,9426.810306,15.471591278523178,9.39419125169012,49319.83232233333,8758.601518666665,0.5773432741215938,False
2006-08-01,53409.587314,,,43088.296816,,96497.88413,10321.290498,14.254117579527147,17.552677306978804,51041.738549333335,9425.310660666664,0.4893365157609931,False
2006-09-01,53120.776711,,,42540.097169,,95660.87388,10580.679542,10.62940222586166,6.4362198044966235,52362.92663433333,10109.593448666665,0.22731898838520212,False
2006-10-01,48039.233962,,,38296.930412,,86336.164374,9742.30355,-3.4353148127449495,-2.127373965442303,51523.199328999995,10214.757863333332,-0.7893683986586405,False
2006-11-01,51331.488691,,,42045.124906,,93376.613597,9286.363785,17.431863924737524,21.479371643794764,50830.499787999994,9869.782292333331,0.7190442745116185,False
2006-12-01,52441.680434,,,41352.448828,,93794.129262,11089.231606,5.420180276588327,3.441906673022488,50604.13436233334,10039.299646999998,-0.14923677435077023,False
2007-01-01,47982.139078,,,40337.81435,,88319.953428,7644.324728,11.070191497704007,18.04893062319688,50585.10273433333,9339.973372999999,0.25918204626231606,False
2007-02-01,40894.793672,,,34116.194941,,75010.988613,6778.598731,-3.5706712034263455,-1.775381896317052,47106.20439466666,8504.051688333331,-0.799152821251986,False
2007-03-01,48793.518306,,,42357.44882,,91150.967126,6436.069486,-5.124550587401511,2.0111298954909707,45890.150352,6952.997648333333,-0.9114771265571369,False
2007-04-01,45968.460257,,,40212.907057,,86181.367314,5755.5532,0.1488486902866848,3.867189473593835,45218.92407833333,6323.407138999999,-0.5302822174981735,False
2007-05-01,49702.123724,,,41571.81254,,91273.936264,8130.311184,3.022674450287588,4.130749546721568,48154.70076233333,6773.977956666666,-0.3225437756415385,False
2007-06-01,49118.554366,,,40296.430982,,89414.985348,8822.123384,-0.07864174567385751,-0.8194815808831635,48263.046115666664,7569.329256,-0.5467266760876583,False
2007-07-01,50384.374708,,,42443.212029,,92827.586737,7941.162679,-0.34423778312193676,3.188804421223135,49735.01759933333,8297.865748999999,-0.5659256504133472,False
2007-08-01,53863.036467,,,44590.871421,,98453.907888,9272.165046,0.8490032891176114,3.4871988823704125,51121.98851366667,8678.483703,-0.47967058075793906,False
2007-09-01,54123.978975,,,42530.759776,,96654.738751,11593.219199,1.8885308651600763,-0.021949627813278028,52790.46338333333,9602.182307999998,-0.4045269022789771,False
2007-10-01,54763.008243,,,45374.6288,,100137.637043,9388.379443,13.99642277043518,18.481111441198593,54250.007894999995,10084.587896,0.47070869257825027,False
2007-11-01,54453.930843,,,43948.74703,,98402.677873,10505.183813,6.082898103338019,4.527569196799663,54446.972687,10495.594151666664,-0.10133130609456208,False
2007-12-01,54251.71378,,,44263.796596,,98515.510376,9987.917184,3.451516677231581,7.040327357901743,54489.55095533333,9960.49348,-0.2915443263124858,False
2008-01-01,53180.806399,51348.616116,1832.190283,43209.404432,41377.214149,96390.210831,9971.401967,10.834588496667518,7.118853929675062,53962.15034066667,10154.83432133333,0.24215115976485074,False
2008-02-01,47265.65038,45725.774796000005,1539.8755839999924,37902.956153,36363.080569000005,85168.606533,9362.694227,15.578649837673652,11.099600112347696,51566.056852999995,9774.004459333331,0.5850821490996401,False
2008-03-01,51800.899053,50191.94420500001,1608.9548479999924,43612.984629,42004.029781000005,95413.883682,8187.914424,6.163484108974759,2.9641440737742775,50749.118610666665,9174.003539333333,-0.09550603600358024,False
2008-04-01,55743.052768,53890.989966,1852.062802,43230.710388,41378.647586,98973.763156,12512.34238,21.263693533244997,7.504563961820532,51603.200733666665,10020.983676999998,0.9960333402409242,False
2008-05-01,61171.154113,59223.725996,1947.428117,45403.684956,43456.256839,106574.839069,15767.469157,23.07553385985772,9.217477376799499,56238.36864466666,12155.908653666665,1.127004706557658,False
2008-06-01,58439.018495,56607.11208600001,1831.9064089999924,45101.993279,43270.08687000001,103541.011774,13337.025216,18.975444715961864,11.925528340578339,58451.07512533333,13872.278917666665,0.8306241318961091,False
2008-07-01,63471.705615,61489.21379999999,1982.4918150000076,48727.478539,46744.986723999995,112199.184154,14744.227076,25.974979312231095,14.806293420267469,61027.292741000005,14616.240483,1.3365951030624765,False
2008-08-01,59971.938884,57815.64608600001,2156.292797999992,46856.632099,44700.33930100001,106828.570983,13115.306785,11.3415485232488,5.081220899695049,60627.55433133334,13732.186359,0.2787974615244817,False
2008-09-01,62824.502592,60865.697392999995,1958.8051990000076,47400.685451,45441.880251999995,110225.188043,15423.817141,16.075173669361575,11.450361340001457,62089.382363666664,14427.783667333331,0.6209740561787606,False
2008-10-01,52823.431047,51045.471115,1777.959932,43708.568387,41930.608455,96531.999434,9114.86266,-3.5417652503556996,-3.671788523810471,58539.957507666666,12551.328862,-0.7970633147360185,False
2008-11-01,51308.452347,49518.954288,1789.498059,40211.89844,38422.400381,91520.350787,11096.553907,-5.776403002143149,-8.502742040516376,55652.128661999996,11878.411236,-0.9585971735842296,False
2008-12-01,45012.902913,43472.975354,1539.927559,34437.296964,32897.369405,79450.199877,10575.605949,-17.029528144428696,-22.199857191843307,49714.928769,10262.340838666665,-1.772044779076982,False
2009-01-01,37002.648486,35550.5443,1452.104186,30070.504118,28618.399932,67073.152604,6932.144368,-30.42104663028241,-30.40750153054551,44441.334582,9534.768074666665,-2.7400690841916733,True
2009-02-01,38456.095993,36790.699536,1665.396457,27362.322874,25696.926416999995,65818.418867,11093.773119,-18.63838605027992,-27.80952819735595,40157.21579733333,9533.841145333334,-1.888343282341201,False
2009-03-01,42523.581045,40707.699332,1815.881713,30909.358931,29093.477218,73432.939976,11614.222114,-17.909569481618327,-29.128081478635735,39327.441841333326,9880.046533666666,-1.8356597757485777,False
2009-04-01,41181.082433,39429.208598,1751.873835,33715.400719,31963.526884,74896.483152,7465.681714,-26.12338150120024,-22.010532752293766,40720.253157,10057.892315666666,-2.4294064580981405,False
2009-05-01,43100.989159,40990.042121,2110.947038,32996.217735,30885.270697,76097.206894,10104.771424,-29.54033680747533,-27.32700491826574,42268.550879,9728.225084,-2.6764057651191497,True
2009-06-01,45369.425461,43313.359547,2056.065914,35980.539906,33924.473992,81349.965367,9388.885555,-22.36449784850206,-20.224058206418682,43217.16568433333,8986.446231,-2.157690390965507,False
2009-07-01,49312.749069,46606.23938400001,2706.5096849999923,40988.869787,38282.360102000006,90301.618856,8323.879282,-22.307509163033856,-15.881406106015216,45927.72122966666,9272.512087000001,-2.153570885570504,False
2009-08-01,48290.95547,45802.804798,2488.150672,38255.048665,35766.897993,86546.004135,10035.906805,-19.47741499002359,-18.35723791634519,47657.71,9249.557213999999,-1.9489936415386633,False
2009-09-01,47778.690853,45619.14976900001,2159.541083999992,37959.731261,35800.190177000004,85738.422114,9818.959592,-23.948954815785385,-19.91733684897762,48460.79846399999,9392.915226333333,-2.2722250388740926,False
2009-10-01,54687.916585,51358.172204,3329.744381,42803.401516,39473.657135,97491.318101,11884.515069,3.529656254893898,-2.0709140207603283,50252.52096933334,10579.793822,-0.28589589962745937,False
2009-11-01,50084.844633,47477.425909,2607.418724,41115.630946,38508.212222,91200.475579,8969.213687,-2.3848072939809506,2.247425615451748,50850.48402366667,10224.229449333332,-0.7134310199406474,False
2009-12-01,54729.127467,51773.076566,2956.050901,42512.775825,39556.724924,97241.903292,12216.351642,21.58542090204516,23.44980463897015,53167.29622833334,11023.360132666663,1.0192898449418772,False
2010-01-01,52527.084826,49884.097003,2642.987823,39445.934003,36802.94618,91973.018829,13081.150823,41.95493289047592,31.17815999429132,52447.01897533333,11422.238717333332,2.4917279936817383,False
2010-02-01,46641.030131,43935.335477,2705.694654,35104.863869,32399.169215,81745.894,11536.166262,21.283840511241348,28.29635857545214,51299.080808,12277.889575666666,0.9974896922144275,False
2010-03-01,59433.342729,56242.195494,3191.147235,45061.534362,41870.387127,104494.877091,14371.808367,39.765610676357376,45.786052899357685,52867.152562,12996.375150666665,2.3334698307084336,False
2010-04-01,51896.054735,48970.293598,2925.761137,42706.858437,39781.0973,94602.913172,9189.196298,26.019161393906607,26.668695985371915,52656.80919833333,11699.056975666666,1.3397888655142582,False
2010-05-01,52289.540476,49386.602955,2902.937521,44093.839779,41190.902258,96383.380255,8195.700697,21.318655316942593,33.633012526246155,54539.64598,10585.568454,1.0000063282577747,False
2010-06-01,52785.411913,49742.99456,3042.417353,46743.711854,43701.294501,99529.123767,6041.700059,16.345779953450943,29.913870042303547,52323.669041333334,7808.865684666666,0.6405352030637831,False
2010-07-01,55329.798346,51862.390133,3467.408213,48386.135154,44918.726941,103715.9335,6943.663192,12.201812696714098,18.04700984789318,53468.250245,7060.3546493333315,0.34098283875511476,False
2010-08-01,52795.41085,49961.536943,2833.873907,44522.912597,41689.03869,97318.323447,8272.498253,9.327741263678924,16.384409772649278,53636.873703,7085.953834666666,0.13322663808580013,False
2010-09-01,50321.711031,47731.057193,2590.653838,43462.698542,40872.044704,93784.409573,6859.012489,5.322498654942365,14.496855215236382,52815.64007566666,7358.391311333333,-0.15629782452339971,False
2010-10-01,54903.920167,51682.525493,3221.394674,48123.330374,44901.9357,103027.250541,6780.589793,0.39497496977101143,12.428752551386356,52673.680682666665,7304.033511666666,-0.5124906413658653,False
2010-11-01,52637.383728,49748.636756,2888.746972,43699.771253,40811.024281,96337.154981,8937.612475,5.096430095179283,6.285055701550424,52621.00497533332,7525.738252333332,-0.17263950083920443,False
2010-12-01,57261.799111,54016.458278,3245.340833,47476.593113,44231.25228,104738.392224,9785.205998,4.6276484958162944,11.676060176435232,54934.367668666666,8501.136088666664,-0.20652602255466776,False
2011-01-01,54683.016662,51364.385423,3318.631239,44904.001493,41585.370254,99587.018155,9779.015169,4.104419354589539,13.836831673411254,54860.733167,9500.611213999999,-0.24434835960978457,False
2011-02-01,50073.854166,47081.869493,2991.984673,39232.560871,36240.576198,89306.415037,10841.293295,7.360094803563033,11.758191165199294,54006.223312999995,10135.171487333331,-0.009007388568992677,False
2011-03-01,62478.547229,58886.447437,3592.099792,50645.016733,47052.916941,113123.563962,11833.530496,5.123730822082995,12.390795054037262,55745.13935233333,10817.946319999997,-0.1706660303012659,False
2011-04-01,58315.213638,54943.265358,3371.94828,46777.824113,43405.875833,105093.037751,11537.389525,12.36926185579723,9.532346384141977,56955.87167766667,11404.07110533333,0.35308713118727764,False
2011-05-01,55354.448687,51915.799737,3438.64895,46604.122525,43165.473575,101958.571212,8750.326162,5.8614173754438115,5.693046372422161,58716.069851333334,10707.082061,-0.11734134468298422,False
2011-06-01,59050.183477,55296.353435,3753.830042,50340.683663,46586.853621,109390.86714,8709.499814,11.868376767288446,7.695092379986512,57573.281934,9665.738500333331,0.31687996466928914,False
2011-07-01,59656.829344,55981.305442,3675.523902,49780.890765,46105.366863,109437.720109,9875.938579,7.820435149503502,2.8825522157553296,58020.487169333326,9111.92151833333,0.024268945549951,False
2011-08-01,58622.809123,54898.737772,3724.071351,47549.200486,43825.129135,106172.009609,11073.608637,11.03769850291827,6.797147159693928,59109.940647999996,9886.34901,0.25683324550967657,False
2011-09-01,58695.595436,54812.950206,3882.64523,49043.309539,45160.664309,107738.904975,9652.285897,16.640698882121452,12.840001160091807,58991.744634333336,10200.611037666664,0.6618538228523468,False
2011-10-01,63347.032594,58350.355726,4996.676868,48939.877454,43943.200586,112286.910048,14407.15514,15.377977385437646,1.6967800724805304,60221.81238433334,11711.016557999998,0.5705762652944073,False
2011-11-01,56820.840954,52405.395287,4415.445667,47357.700898,42942.255231,104178.541852,9463.140056,7.947692171817877,8.370592202468075,59621.156328000005,11174.193697666668,0.03346789417754458,False
2011-12-01,60763.566,56374.122231,4389.443769,52451.137812,48061.694043,113214.703812,8312.428188,6.11536302275788,10.477888940261536,60310.47984933333,10727.574461333332,-0.09898453480830252,False
2012-01-01,55113.798764,51007.415198,4106.383566,46299.37076,42192.987194,101413.169524,8814.428004,0.7877804267140132,3.1074497162964843,57566.06857266667,8863.332082666666,-0.48409615944776285,False
2012-02-01,56960.978238,52720.66752,4240.310718,46281.107551,42040.796833,103242.085789,10679.870687,13.753932439808757,17.966063197292215,57612.78100066667,9268.908959666665,0.4531799460025993,False
2012-03-01,62004.146713,56552.699233,5451.44748,51331.419683,45879.972203,113335.566396,10672.72703,-0.7593014515225538,1.3553217952690488,58026.307905,10055.675240333332,-0.5959290977151823,False
2012-04-01,57876.348153,52865.978924,5010.369229,50222.81766,45212.448431,108099.165813,7653.530493,-0.7525745986704635,7.364586986085575,58947.15770133334,9668.709403333332,-0.5954428379183839,False
2012-05-01,58930.911972,53863.945518,5066.966454,54166.56179,49099.595336,113097.473762,4764.350182,6.461022320397425,16.226974901079316,59603.80227933333,7696.869234999998,-0.07399807776406082,False
2012-06-01,61059.412421,54981.621016,6077.791405,51770.512288,45692.720883,112829.924709,9288.900133,3.4025786639301447,2.840304344239386,59288.89084866667,7235.593602666665,-0.2950818778134496,False
2012-07-01,58051.281794,51286.282405,6764.999389,54504.2391,47739.239711,112555.520894,3547.042694,-2.6913055347643544,9.488276048127474,59347.20206233333,5866.764336333333,-0.7355866662078463,False
2012-08-01,55668.073212,50656.66253,5011.410682,48871.576321,43860.165639,104539.649533,6796.496891,-5.04024961478814,2.781068496386907,58259.58914233334,6544.146572666665,-0.9053833149762652,False
2012-09-01,59942.32187,54320.836571,5621.485299,53142.734185,47521.248886,113085.056055,6799.587685,2.1240544963197383,8.358784683444064,57887.22562533334,5714.375756666665,-0.3875017531420616,False
2012-10-01,61229.715163,54736.064859,6493.650304,51686.300092,45192.649788,112916.015255,9543.415071,-3.342409808791169,5.611829822380399,58946.703414999996,7713.166548999999,-0.7826526328559019,False
2012-11-01,58316.825835,52344.669727,5972.156108,49377.602699,43405.446591,107694.428534,8939.223136,2.6328101729629294,4.265202412064939,59829.620956,8427.408630666665,-0.35072565035163306,False
2012-12-01,57487.433652,51583.070061,5904.363591,49022.707677,43118.344086,106510.141329,8464.725975,-5.391606457066722,-6.5364266210744315,59011.32488333333,8982.454727333332,-0.930781626859515,False
2013-01-01,57080.009968,49872.925917,7207.084051,53724.592564,46517.508513,110804.602532,3355.417404,3.56754796093699,16.03741407737438,57628.089818333334,6919.788838333331,-0.28315684561721244,False
2013-02-01,52493.269342,45813.794873,6679.474469,44254.804367,37575.329898,96748.073709,8238.464975,-7.843455351719175,-4.378251280540546,55686.90432066666,6686.202784666665,-1.1080168914786386,False
2013-03-01,60049.396558,53758.41488,6290.981678,55111.512364,48820.530686,115160.908922,4937.884194,-3.152611976176367,7.364091436286335,56540.891956,5510.588857666666,-0.7689328358647466,False
2013-04-01,55836.59137,50515.02103,5321.57034,54771.255537,49449.685197,110607.846907,1065.335833,-3.524335670951051,9.056516716748453,56126.41909,4747.228333999999,-0.7958033936516807,False
2013-05-01,55656.734155,49412.111217,6244.622938,52922.49004,46677.867102,108579.224195,2734.244115,-5.555959864588001,-2.2967522930903095,57180.907361,2912.4880473333324,-0.9426621386384506,False
2013-06-01,56648.84004,50422.537115,6226.302925,52423.218308,46196.915383,109072.058348,4225.621732,-7.22341111078737,1.2607679374872616,56047.38852166667,2675.0672266666656,-1.0631961419794367,False
2013-07-01,60629.588129,52560.572868,8069.015261,57863.972251,49794.95699,118493.56038,2765.615878,4.4414287769723115,6.164168524279057,57645.054108000004,3241.8272416666655,-0.2199871706778642,False
2013-08-01,62795.949689,52563.717818,10232.231871,55788.771651,45556.53978,118584.72134,7007.178038,12.804244993095049,14.153820790567995,60024.79261933333,4666.138549333332,0.3845304846549323,False
2013-09-01,63283.49711,55227.082572,8056.414538,54599.253291,46542.838753,117882.750401,8684.243819,5.573983682591033,2.7407680999806727,62236.344976,6152.345911666666,-0.1381188839205461,False
2013-10-01,67193.590152,57231.839694,9961.750458,58561.683032,48599.932574,125755.273184,8631.90712,9.740164515094563,13.302137950989025,64424.34565033333,8107.776325666666,0.16303921921963518,False
2013-11-01,62408.583265,54330.662875,8077.92039,52523.550275,44445.629885,114932.13354,9885.03299,7.016426856936797,6.371203549871218,64295.223509,9067.061309666666,-0.03384989807039719,False
2013-12-01,65916.348664,56282.101981,9634.246683,56149.769627,46515.522944,122066.118291,9766.579037,14.662186979896186,14.53828702600164,65172.840693666665,9427.839715666663,0.5188343727925233,False
2014-01-01,64053.466843,54984.680144,9068.786699,57609.512916,48540.726217,121662.979759,6443.953927,12.216986084812254,7.231176946334306,64126.132924,8698.521984666666,0.34207966795230166,False
2014-02-01,58927.613776,50960.150632,7967.463144,48477.971118,40510.507974,107405.584894,10449.642658,12.257465603979556,9.542843565588432,62965.809761000004,8886.725207333331,0.3450057855882291,False
2014-03-01,64892.878701,56455.623671,8437.25503,55428.407399,46991.152369,120321.2861,9464.471302,8.065829834479388,0.5750069657079582,62624.653106666665,8786.022629,0.042007637368474585,False
2014-04-01,66197.568668,57164.867687,9032.700981,57488.34103,48455.640049,123685.909698,8709.227638,18.555891475078056,4.9607873077959885,63339.353715,9541.113866,0.8002961496815311,False
2014-05-01,64750.457124,55946.400005,8804.057119,59162.806558,50358.749439,123913.263682,5587.650566,16.33894461661125,11.791426505599855,65280.30149766667,7920.449835333333,0.6400411013529534,False
2014-06-01,61202.242885,53372.307685,7829.9352,57120.353139,49290.417939,118322.596024,4081.889746,8.037945422686189,8.960027603423937,64050.08955899999,6126.255983333333,0.039991974366690476,False
2014-07-01,61062.672099,52052.568825,9010.103274,57476.526817,48466.423543,118539.198916,3586.145282,0.7143112519229611,-0.6695797383549085,62338.45736933333,4418.561864666666,-0.48940697964709917,False
2014-08-01,63890.106457,56939.11064,6950.995817,60019.750921,53068.755104,123909.857378,3870.355536,1.7424002239298408,7.583926200182178,62051.67381366665,3846.130187999999,-0.4150901563701613,False
2014-09-01,64502.72288,56443.277165,8059.445715,55193.524314,47134.078599,119696.247194,9309.198566,1.92660934632094,1.088423352298773,63151.833812,5588.566461333332,-0.40177434697283265,False
2014-10-01,64986.498797,56376.151043,8610.347754,63903.658806,55293.311052,128890.157603,1082.839991,-3.2846754430107095,9.121964222033995,64459.77604466665,4754.131364333332,-0.7784792249354406,False
2014-11-01,63590.930968,56002.249472,7588.681496,52599.104137,45010.422641,116190.035105,10991.826831,1.8945273889322323,0.14384759142216375,64360.050881666655,7127.9551293333325,-0.40409343532272585,False
2014-12-01,67359.724198,59179.104525,8180.619673,58457.190152,50276.570479,125816.91435,8902.534046,2.1897079605507352,4.1094033694671905,65312.38465433332,6992.400289333334,-0.3827559023143366,False
2015-01-01,62971.400635,55657.601257,7313.799378,54641.285144,47327.485766,117612.685779,8330.115491,-1.6893171616334746,-5.152322284564271,64640.68526699999,9408.158789333333,-0.6631565605661569,False
2015-02-01,52473.779734,45857.241567,6616.538167,48643.971878,42027.433711,101117.751612,3829.807856,-10.952138782562592,0.3424251390305333,60934.968188999985,7020.819131,-1.3327323426160613,False
2015-03-01,65510.833005,57316.48519,8194.347815,58607.087941,50412.740126,124117.920946,6903.745064,0.952268286397473,5.734749907422643,60318.67112466666,6354.556137,-0.47220592860963295,False
2015-04-01,60046.763429,51999.405852,8047.357577,53707.720377,45660.3628,113754.483806,6339.043052,-9.291587837384297,-6.576325886716939,59343.792056,5690.8653239999985,-1.212697137010975,False
2015-05-01,60419.471581,52637.741781,7781.7298,55076.89456,47295.16476,115496.366141,5342.577021,-6.688733540067481,-6.90621732759481,61992.35600499999,6195.121712333333,-1.0245462394756033,False
2015-06-01,64309.892901,55701.305794,8608.587107,56498.955578,47890.368471,120808.848479,7810.937323,5.077673414419337,-1.0878741584244955,61592.042636999984,6497.5191319999985,-0.1739953532675967,False
2015-07-01,63319.085654,54496.585119,8822.500535,60830.347311,52007.846776,124149.432965,2488.738343,3.695242080696559,5.835113357976995,62682.81671199999,5214.084228999999,-0.27392630080050123,False
2015-08-01,66572.612902,57418.173821,9154.439081,56332.681872,47178.242791,122905.294774,10239.93103,4.198625724321503,-6.143092885961887,64733.86381899999,6846.535565333332,-0.23753852279452753,False
2015-09-01,70152.287958,60182.179745,9970.108213,60503.376192,50533.267979,130655.66415,9648.911766,8.758645876873095,9.62042548287343,66681.32883799999,7459.193712999998,0.09208879647817086,False
2015-10-01,75741.409616,65410.79971,10330.609906,63635.786035,53305.176129,139377.195651,12105.623581,16.549454145230058,-0.4191822127324718,70822.10349199998,10664.822125666666,0.6552580717343561,False
2015-11-01,67563.449137,57427.185823,10136.263314,57384.93745,47248.674136,124948.386587,10178.511687,6.246988538348397,9.098697385671773,71152.382237,10644.349011333332,-0.08946980364473275,False
2015-12-01,68274.096386,60066.00986,8208.086526,59915.393156,51707.30663,128189.489542,8358.70323,1.3574464546681764,2.49448014899174,70526.31837966666,10214.279499333332,-0.442917068261031,False
2016-01-01,61850.814361,54680.310441,7170.50392,56455.203814,49284.699894,118306.018175,5395.610547,-1.7795161973532037,3.3196852255938936,65896.11996133333,7977.608487999999,-0.6696767217388306,False
2016-02-01,56716.656429,48163.283865,8553.372564,49365.944097,40812.571533,106082.600526,7350.712332,8.085708169885963,1.48419668692088,62280.52239199999,7035.008702999999,0.04344457014343319,False
2016-03-01,66554.989271,57325.122344,9229.866927,55390.987779,46161.120852,121945.97705,11164.001492,1.5938680949459272,-5.487561786447492,61707.48668699999,7970.108123666665,-0.42582700530172535,False
2016-04-01,61319.194254,52063.132298,9256.061956,52285.629768,43029.567812,113604.824022,9033.564486,2.1190664614330723,-2.6478327492168163,61530.27998466665,9182.759436666665,-0.3878623200942077,False
2016-05-01,59990.439396,51561.368481,8429.070915,56772.615755,48343.54484,116763.055151,3217.823641,-0.7100892705174111,3.0788249928519473,62621.54097366667,7805.129872999998,-0.5923717276252254,False
2016-06-01,66508.278398,55881.737487,10626.540911,60926.497367,50299.956456,127434.775765,5581.781031,3.418425063130237,7.8365020091168525,62605.97068266666,5944.389719333332,-0.29393639908447317,False
2016-07-01,60067.303412,52428.982712,7638.3207,57967.604002,50329.283302,118034.907414,2099.69941,-5.13554832387978,-4.706110412889797,62188.67373533332,3633.1013606666656,-0.9122721130423107,False
2016-08-01,67667.606708,58191.09987,9476.506838,59044.699902,49568.193064,126712.30661,8622.906806,1.6448112193101494,4.814288863722638,64747.729505999996,5434.795749,-0.42214451159385036,False
2016-09-01,68182.138079,57995.573316,10186.564763,60468.803189,50282.238426,128650.941268,7713.33489,-2.8083900559017105,-0.05714227068964739,65305.682732999994,6145.3137019999995,-0.7440502816173612,False
2016-10-01,69334.232068,59175.037679,10159.194389,59452.047169,49292.85278,128786.279237,9882.184899,-8.459279514975549,-6.574506463546981,68394.65895166666,8739.475531666665,-1.1525325868673892,False
2016-11-01,72971.032724,61201.710918,11769.321806,63857.551154,52088.229348,136828.583878,9113.48157,8.003711557168902,11.279290335795267,70162.46762366666,8903.000452999999,0.03751733238238017,False
2016-12-01,75801.473347,64329.099369,11472.373978,66831.083624,55358.709646,142632.556971,8970.389723,11.025231177638162,11.542426918561354,72702.24604633333,9322.018730666665,0.25593202777968843,False
2017-01-01,70309.404589,60008.263835,10301.140754,65439.555215,55138.414461,135748.959804,4869.849374,13.675794434379451,15.914124463353762,73027.30355333332,7651.240222333333,0.4475316329685954,False
2017-02-01,71979.306222,61009.791099,10969.515123,63058.521239,52089.006116,135037.827461,8920.784983,26.910348306773592,27.736889048642976,72696.72805266666,7587.0080266666655,1.40420953543057,False
2017-03-01,82890.858103,70496.522679,12394.335424,77240.296485,64845.961061,160131.154588,5650.561618,24.544919939034582,39.44560222174549,75059.85630466665,6480.398658333332,1.233221297285808,False
2017-04-01,74243.425839,63322.001455,10921.424384,65210.734893,54289.310509,139454.160732,9032.690946,21.07697555754644,24.72018637310258,76371.19672133333,7868.012515666665,0.9825361749367093,False
2017-05-01,79215.990063,65830.939955,13385.050108,72973.424563,59588.374455,152189.414626,6242.5655,32.047691033051365,28.536308557481217,78783.42466833333,6975.272688,1.775569409816318,False
2017-06-01,72823.576835,63268.704076,9554.872759,62627.394536,53072.521777,135450.971371,10196.182299,9.495507309944017,2.7917199289405836,75427.66424566666,8490.479581666666,0.145353837143111,False
2017-07-01,78747.828253,66719.675414,12028.152839,70589.577401,58561.424562,149337.405654,8158.250852,31.09932322560043,21.77418510960798,76929.13171699998,8198.999550333332,1.7070153404050992,False
2017-08-01,82024.847847,71217.92782,10806.920027,72113.002987,61306.08296,154137.850834,9911.84486,21.217302986574538,22.132897798939165,77865.41764499998,9422.092670333333,0.9926799358639673,False
2017-09-01,77861.456973,64751.999389,13109.457584,69650.394535,56540.936951,147511.851508,8211.062438,14.196267771457883,15.18401367611364,79544.71102433332,8760.38605,0.48515476293614174,False
2017-10-01,81862.196892,67372.936197,14489.260695,71851.134024,57361.873329,153713.330916,10011.062868,18.06894581555778,20.855609597015267,80582.833904,9377.990055333334,0.7650966139318195,False
2017-11-01,83485.94661,70744.338409,12741.608201,73551.888413,60810.280212,157037.835023,9934.058197,14.409709570331541,15.181191705301945,81069.86682499999,9385.394501,0.5005836964999766,False
2017-12-01,79481.981178,67384.265862,12097.715316,72116.2579,60018.542584,151598.239078,7365.723278,4.8554568512825025,7.908257639117511,81610.04155999998,9103.614781,-0.1900585827170982,False
2018-01-01,83252.374097,65860.145726,17392.228371,73201.318749,55809.090378,156453.692846,10051.055348,18.408589268618215,11.860966213017377,82073.43396166667,9116.945607666667,0.789648207388745,False
2018-02-01,70552.338027,56029.6051,14522.732927,61416.781311,46894.048384,131969.119338,9135.556716,-1.9824700596570266,-2.6035179635399253,77762.23110066667,8850.778447333332,-0.684347520404011,False
2018-03-01,84855.731676,68769.42463,16086.307046,69896.689462,53810.382416,154752.421138,14959.042214,2.3704345906981006,-9.507481660723727,79553.48126666667,11381.884759333334,-0.36969182965155895,False
2018-04-01,84636.362311,64516.18894,20120.173371,71373.505674,51253.332303,156009.867985,13262.856637,13.998460273826163,9.45054643397607,80014.81067133333,12452.485188999999,0.4708559763090915,False
2018-05-01,82862.036666,66740.596018,16121.440648,74039.605524,57918.164876,156901.64219,8822.431142,4.602664941889034,1.4610537567406379,84118.043551,12348.109997666666,-0.20833199306169273,False
2018-06-01,78845.180411,63218.882151,15626.29826,72746.234032,57119.935772,151591.414443,6098.946379,8.268755583982701,16.157209749773948,82114.52646266665,9394.744719333334,0.056676403861261146,False
2018-07-01,86474.633443,67869.898764,18604.734679,78349.145431,59744.410752,164823.778874,8125.488012,9.812086709458722,10.992512373207752,82727.28350666664,7682.288511,0.1682382138142538,False
2018-08-01,81982.175631,68505.935052,13476.240579,80536.081015,67059.840436,162518.256646,1446.094616,-0.05202352350545114,11.680387279834203,82433.99649499998,5223.509669,-0.5448025413418356,False
2018-09-01,83341.938041,66972.331027,16369.607014,67770.939016,51401.332002,151112.877057,15570.999025,7.038759973243858,-2.6984133134458466,83932.91570499999,8380.860551,-0.032235518086751166,False
2018-10-01,97122.030236,76495.528681,20626.501555,80270.465604,59643.964049,177392.49584,16851.564632,18.64087933546683,11.717743490572797,87482.04796933332,11289.552757666666,0.8064396138885913,False
2018-11-01,85542.538247,69608.91095,15933.627297,77046.310904,61112.683607,162588.849151,8496.227343,2.463398596421573,4.750962302121375,88668.83550799999,13639.597000000002,-0.3629717988248677,False
2018-12-01,84119.529105,69747.159508,14372.369597,73156.93892,58784.569323,157276.468025,10962.590185,5.834716068053458,1.4430602062617703,88928.03252933333,12103.460720000003,-0.11927148535818136,False
2019-01-01,86340.816726,68887.590177,17453.226549,73921.663552,56468.437003,160262.480278,12419.153174,3.7097352027481545,0.9840598712025805,85334.29469266666,10625.990234,-0.27287864556873953,False
2019-02-01,67683.054771,57181.234219,10501.820552,55567.217045,45065.396493,123250.271816,12115.837726,-4.066886139056014,-9.524374513179378,79381.13353399998,11832.527028333332,-0.8350223993553103,False
2019-03-01,85677.001848,70347.120976,15329.880872,69681.372619,54351.491747,155358.374467,15995.629229,0.967842897325788,-0.3080501303528105,79900.29111499999,13510.206709666667,-0.47108009646914495,False
2019-04-01,86227.85648,72736.824921,13491.031559,74376.80713,60885.775571,160604.66361,11851.04935,1.8803905620990546,4.207865968805913,79862.63769966667,13320.838768333335,-0.4051153352653029,False
2019-05-01,84678.578412,72174.101831,12504.476581,75108.549218,62604.072637,159787.12763,9570.029194,2.1922484880767756,1.4437457985287283,85527.81224666665,12472.235924333334,-0.38257225679306,False
2019-06-01,76690.883882,64456.373577,12234.510305,65630.287982,53395.777677,142321.171864,11060.5959,-2.732312257731162,-9.781875508318139,82532.43959133333,10827.224814666668,-0.7385508934944611,False
2019-07-01,89764.90426,71757.038513,18007.865747,73796.315739,55788.449992,163561.219999,15968.588521,3.8048970964054796,-5.81095003264529,83711.45551799999,12199.737871666666,-0.2659997373942602,False
2019-08-01,81513.265567,68075.372103,13437.893464,70460.901208,57023.007744,151974.166775,11052.364359,-0.5719658698868479,-12.510144124250955,82656.35123633333,12693.849593333334,-0.5823872879176059,False
2019-09-01,78251.519636,65469.496616,12782.02302,69437.628887,56655.605867,147689.148523,8813.890749,-6.107871408624765,2.459298772009788,83176.56315433331,11944.947876333334,-0.9825578225719298,False
2019-10-01,90860.958317,72345.336117,18515.6222,73288.784297,54773.162097,164149.742614,17572.17402,-6.446603210194457,-8.697696287751544,83541.91450666665,12479.476376,-1.007043516048822,False
2019-11-01,80947.366191,67944.823274,13002.542917,74261.125522,61258.582605,155208.491713,6686.240669,-5.3717976461391315,-3.6149496962552097,83353.28138133332,11024.101812666668,-0.929349719757002,False
2019-12-01,86435.709989,72108.341967,14327.368022,73880.158481,59552.790459,160315.86847,12555.551508,2.753440144807384,0.9885864166499392,86081.34483233333,12271.322065666667,-0.34200574716857823,False
2020-01-01,84288.448529,68007.823208,16280.625321,72249.892504,55969.267183,156538.341033,12038.556025,-2.377054416236446,-2.2615441369551847,83890.50823633332,10426.782734,-0.7128705925254001,False
2020-02-01,74604.085453,64815.106124,9788.979329,62160.441629,52371.4623,136764.527082,12443.643824,10.225647623938872,11.865313641063956,81776.08132366666,12345.917119,0.1981330324851271,False
2020-03-01,80229.216382,62973.281914,17255.934468,68737.275003,51481.340535,148966.491385,11491.941379,-6.358515527498199,-1.3548780405949867,79707.25012133333,11991.380409333337,-1.0006759769290958,False
2020-04-01,64911.019816,46327.40654,18583.613276,69375.547785,50791.934509,134286.567601,-4464.527969,-24.72151985935578,-6.724218930584791,73248.107217,6490.352411333336,-2.328070964057868,False
2020-05-01,62800.999398,54063.347897,8737.651501,52942.892286,44205.240785,115743.891684,9858.107112,-25.83602538478572,-29.511496577659802,69313.74519866666,5628.506840666668,-2.408634526579958,False
2020-06-01,82905.374179,70024.697749,12880.67643,62995.791618,50115.115188,145901.165797,19909.582561,8.10329726615473,-4.014147194847806,70205.79779766666,8434.387234666667,0.04471602212336768,False
2020-07-01,92682.081891,72355.22923,20326.852661,67424.248124,47097.395463,160106.330015,25257.833767,3.24979751836032,-8.634669022687369,79462.81848933332,18341.84114666667,-0.3061258727443521,False
2020-08-01,80754.2838,66605.947929,14148.335871,65974.870402,51826.534531,146729.154202,14779.413398,-0.9311144164334095,-6.366695187104221,85447.24662333333,19982.276575333333,-0.608348833844675,False
2020-09-01,88892.145201,71611.759846,17280.385355,66955.956809,49675.571454,155848.10201,21936.188392,13.597979457135988,-3.5739585550056407,87442.836964,20657.811852333336,0.44190667047063886,False
2020-10-01,91190.220008,74003.923373,17186.296635,68930.985423,51744.688788,160121.205431,22259.234585,0.36237972513042394,-5.94606516645192,86945.54966966667,19658.278791666668,-0.5148468333896884,False
2020-11-01,84721.2686,69819.590751,14901.677849,67616.623101,52714.945252,152337.891701,17104.645499,4.662168253992682,-8.947484130215011,88267.87793633332,20433.356158666666,-0.20403071442686102,False
2020-12-01,95847.622662,78589.034609,17258.588053,75116.795059,57858.207006,170964.417721,20730.827603,10.88891694670846,1.6738412632371746,90586.37042333333,20031.569229,0.24607836638853542,False
2021-01-01,89676.766017,72209.031562,17467.734455,73057.699889,55589.965434,162734.465906,16619.066128,6.39271167287665,1.118074168698957,90081.88575966663,18151.513076666666,-0.07893600673515445,False
2021-02-01,87804.311926,71713.764295,16090.547631,69680.09465,53589.547019,157484.406576,18124.217276,17.693704564364676,12.0971679478735,91109.56686833332,18491.370335666667,0.7379717847483115,False
2021-03-01,105228.130706,87382.481653,17845.649053,80867.130551,63021.481498,186095.261257,24361.000155,31.159364943777113,17.646692493222325,94236.40288299997,19701.427853,1.7113555384623451,False
2021-04-01,105630.904879,85074.487442,20556.417437,85293.186379,64736.768942,190924.091258,20337.7185,62.731852277820636,22.944162752170193,99554.44917033332,20940.978643666665,3.993616145768783,True
2021-05-01,92387.496974,78821.813181,13565.683793,78531.656132,64965.972339,170919.153106,13855.840842,47.11150755499318,48.33276525160033,101082.17751966666,19518.186499,2.8644780751354864,True
2021-06-01,105316.873234,84663.674179,20653.199055,83217.277093,62564.078038,188534.150327,22099.596141,27.032625178931813,32.09974024554052,101111.75836233333,18764.385161000002,1.413048487064591,False
2021-07-01,97124.455453,76521.978633,20602.47682,83564.140447,62961.663627,180688.5959,13560.315006,4.793130960550207,23.937815803770036,98276.27522033332,16505.250663000003,-0.19456389532451596,False
2021-08-01,95379.368745,78972.555429,16406.813316,74245.02275,57838.209434,169624.391495,21134.345995,18.110599533296835,12.535306697244074,99273.56581066665,18931.419047333333,0.7681076101241024,False
2021-09-01,110882.447759,87788.41077,23094.036989,84650.170712,61556.133723,195532.618471,26232.277047,24.738184131203322,26.42664633032563,101128.75731899998,20308.97934933333,1.2471916648378767,False
2021-10-01,114488.118913,91378.034635,23110.084278,87905.449537,64795.365259,202393.56845,26582.669376,25.548681539485372,27.526755924874436,106916.64513899999,24649.764139333332,1.3057795830995953,False
2021-11-01,112670.570259,94220.726031,18449.844228,93383.639697,74933.795469,206054.209956,19286.930562,32.98971099094237,38.107517669895174,112680.378977,24033.958995000005,1.8436646162042198,False
2021-12-01,124432.647966,103253.96518,21178.682786,92948.506276,71769.82349,217381.154242,31484.14169,29.82340564126782,23.738647532811008,117197.11237933334,25784.580542666667,1.6147838855284975,False
2022-01-01,111060.009398,91390.607029,19669.402369,92822.474443,73153.072074,203882.483841,18237.534955,23.844797633476624,27.053650175176003,116054.40920766666,23002.869068999997,1.1826119949091605,False
2022-02-01,101741.736349,83898.871219,17842.86513,82589.281335,64746.416205,184331.017684,19152.455014,15.87328015820708,18.52636215527874,112411.464571,22958.043886333337,0.6063799064526524,False
2022-03-01,131488.11575,106930.396205,24557.719545,105244.068249,80686.348704,236732.183999,26244.047501,24.95528987145894,30.144432641425745,114763.28716566665,21211.345823333333,1.262885451436414,False
2022-04-01,127482.872603,103415.757575,24067.115028,104107.465827,80040.350799,231590.33843,23375.406776,20.687096971318564,22.05836157228176,120237.57490066666,22923.969763666668,0.9543532658878945,False
2022-05-01,120589.64189,96240.941129,24348.700761,107791.338885,83442.638124,228380.980775,12798.303005,30.525932447262583,37.25845626357203,126520.210081,20805.919094,1.6655670005214627,False
2022-06-01,144275.465344,110621.55943,33653.905914,121093.513037,87439.607123,265368.978381,23181.952307,36.99178575444337,45.51487054986332,130782.65994566666,19785.220696,2.132960086769978,False
2022-07-01,134325.516668,102359.091905,31966.424763,118486.734147,86520.309384,252812.250815,15838.782521,38.3024656781753,41.791363512138815,133063.54130066666,17273.012611,2.2277043850912372,False
2022-08-01,141518.884251,106661.33741,34857.546841,124231.338673,89373.791832,265750.222924,17287.545578,48.37473356460933,67.32615072570638,140039.955421,18769.426801999998,2.9557921021036178,True
2022-09-01,144249.619884,110446.378524,33803.24136,112410.395977,78607.154617,256660.015861,31839.223907,30.09238414137705,32.79405703675054,140031.34026766664,21655.184001999998,1.6342273658129838,False
2022-10-01,131977.237731,101552.431839,30424.805892,113518.137284,83093.331392,245495.375015,18459.100447,15.275924684630438,29.136632463519163,139248.580622,22528.623310666666,0.5631992456615454,False
2022-11-01,129693.918792,103512.513869,26181.404923,107890.405297,81709.000374,237584.324089,21803.513495,15.108957462332718,15.534590049252529,135306.92546899998,24033.945949666668,0.5511297906917885,False
2022-12-01,131606.255974,105004.140136,26602.115838,103626.239002,77024.123164,235232.494976,27980.016972,5.765052922413183,11.48779378368243,131092.47083233332,22747.543638000003,-0.12430718151330875,False
2023-01-01,112665.503447,86053.172638,26612.330809,94508.322194,67895.991385,207173.825641,18157.181253,1.445609502198475,1.816206431811107,124655.22607099998,22646.903906666663,-0.43654408129077327,False
2023-02-01,112682.126759,87854.017988,24828.108771,92702.965465,67874.856694,205385.092224,19979.161294,10.753099762787311,12.24575873105942,118984.62872666668,22038.786506333334,0.2362606347230198,False
2023-03-01,129744.831494,102539.303879,27205.527615,104468.654122,77263.126507,234213.485616,25276.177372,-1.325811268992949,-0.7367770363698067,118364.15389999999,21137.506639666666,-0.6368800378924844,False
2023-04-01,105165.660262,80176.111574,24989.548688,93820.563188,68831.0145,198986.22345,11345.097074,-17.50604758530897,-9.881042206996193,115864.20617166666,18866.81191333333,-1.806490641293358,False
2023-05-01,119515.771061,93622.857316,25892.913745,104104.705103,78211.791358,223620.476164,15411.065958,-0.8905166415367205,-3.420157704816329,118142.08760566666,17344.113468,-0.6054141679309413,False
2023-06-01,123941.958756,93760.989696,30180.96906,94874.801836,64693.832776,218816.760592,29067.15692,-14.093530413863675,-21.651623231864537,116207.79669300001,18607.773317333333,-1.5598121509436735,False
2023-07-01,116765.364662,89039.854288,27725.510374,99458.206325,71732.695951,216223.570987,17307.158337,-13.072834143196932,-16.059627230836103,120074.36482633332,20595.127071666666,-1.4860297192359417,False
2023-08-01,115180.797911,92098.632293,23082.165618,97850.4253,74768.259682,213031.223211,17330.372611,-18.611004799392273,-21.235312808179163,118629.37377633333,21234.895956,-1.8863639910164953,False
2023-09-01,124334.098167,96724.631063,27609.467104,99936.529323,72327.062219,224270.62749,24397.568844,-13.806290604450332,-11.096719787867526,118760.08691333333,19678.366597333334,-1.5390486268368029,False
2023-10-01,126151.698556,96392.111993,29759.586563,113187.277268,83427.690705,239338.975824,12964.421288,-4.4140484186173,-0.2914600467520456,121888.864878,18230.787581,-0.860117501511899,False
2023-11-01,121603.985323,95539.674832,26064.310491,109500.988928,83436.678437,231104.974251,12102.996395,-6.237712256944317,1.4927959780727473,124029.92734866666,16488.328842333332,-0.9919435466108287,False
2023-12-01,118446.90796,97263.367272,21183.540688,106630.601597,85447.060909,225077.509557,11816.306363,-9.999029238093172,2.899229600470221,122067.530613,12294.574682,-1.2638355102323533,False
2024-01-01,122381.417014,94760.159646,27621.257368,112237.989062,84616.731694,234619.406076,10143.427952,8.623680958005542,18.759900140440333,120810.770099,11354.24357,0.08233267196252042,False
2024-02-01,111445.132959,91682.737062,19762.395897,100116.364939,80353.969042,211561.497898,11328.76802,-1.0977728550026766,7.9969388647000095,117424.48597766664,11096.167445,-0.6203959679585498,False
2024-03-01,128967.241596,104574.725114,24392.516482,115845.142401,91452.625919,244812.383997,13122.099195,-0.5993224462555569,10.889858182449984,120931.26385633333,11531.431722333335,-0.584364795610823,False
2024-04-01,115155.154722,92181.224683,22973.930039,107087.740422,84113.810383,222242.895144,8067.4143,9.498817803371452,14.141012144016774,118522.509759,10839.427171666668,0.14559314070700963,False
2024-05-01,128099.507021,105866.328112,22233.178909,118082.514928,95849.336019,246182.021949,10016.992093,7.182094784477355,13.426684040044613,124073.96777966665,10402.168529333334,-0.02187436440655995,False
2024-06-01,126083.274428,100513.258728,25570.0157,111740.286973,86170.271273,237823.561401,14342.987455,1.7276761586570766,17.77656955337157,123112.64539033333,10809.131282666667,-0.41615450564983314,False
2024-07-01,131503.183718,105427.451128,26075.732589999985,124715.533014,98639.800424,256218.716732,6787.650703999985,12.621738559770224,25.394914730783015,128561.98838899999,10382.543417333329,0.37133775647516293,False
2024-08-01,129094.087641,106299.288443,22794.799198,122739.872014,99945.072816,251833.959655,6354.215627,12.079521918879887,25.436217203646617,128893.51526233333,9161.617928666661,0.3321428819302073,False
2024-09-01,123629.889898,99997.06822,23632.821678,110790.021694,87157.200016,234419.911592,12839.868204,-0.5663838636237539,10.860385531221484,128075.72041899998,8660.578178333328,-0.5819837849287784,False
2024-10-01,128223.665311,99528.071288,28695.594023,116269.404542,87573.810519,244493.069853,11954.260769,1.6424406319667906,2.7230333199925516,126982.54761666665,10382.781533333333,-0.4223158727556329,False
2024-11-01,126104.829507,104902.650123,21202.179384,111269.536479,90067.357095,237374.365986,14835.293028,3.7012308207210687,1.6150973322833329,125986.12823866667,13209.807333666666,-0.2734933965031385,False
2024-12-01,138603.1702,110326.609684,28276.560516,119343.073078,91066.512562,257946.243278,19260.097122,17.017128253619628,11.921972952047621,130977.22167266667,15349.883639666667,0.689064536943823,False
2025-01-01,122881.111513,97612.71935,25268.392163,119164.673705,93886.962362,242045.785218,3716.437808,0.4083091299251995,6.171426181890793,129196.37040666665,12603.942652666667,-0.5115267632865287,False
2025-02-01,118288.326527,96944.699528,21343.626999,105729.655633,84281.708562,224017.98216,12558.670894,6.140414916564874,5.6067663837177095,126590.86941333332,11845.068608000001,-0.09717362425921584,False
2025-03-01,137802.260551,109941.042508,27861.218043,112728.79783,85125.102561,250531.058381,25073.462721,6.850591549966145,-2.6900951618780256,126323.89953033334,13782.857141,-0.04583753098621084,False
2025-04-01,133438.700256,99901.357795,33537.342461000015,128369.392918,94832.051018,261808.093174,5069.307338000015,15.877314027443191,19.873098836650694,129843.095778,14233.813651000004,0.6066715002303359,False
2025-05-01,127067.361416,101261.976273,25805.385143,125869.368493,100052.333739,252936.729909,1197.992923,-0.8057373747978547,6.594417107179651,132769.440741,10446.920994000006,-0.5992857822023386,False
2025-06-01,122309.250288,95860.752386,26448.497902,113284.807462,86703.063957,235594.05775,9024.442826,-2.9932789714746555,1.3822413838736614,127605.10398666667,5097.2476956666715,-0.7574152307984399,False
2025-07-01,140240.025349,103226.529323,37013.496026,125458.249082,88444.370111,265698.274431,14781.776267,6.643825178967222,0.5955281191129647,129872.21235100001,8334.737338666666,-0.06078392207836032,False
2025-08-01,131341.165464,103389.924198,27951.241265999986,115479.394284,87517.277936,246820.559748,15861.771179999985,1.740651228930723,-5.915337543428311,131296.81370033332,13222.663424333326,-0.41521658487567087,False
2025-09-01,139254.056605,104726.284082,34527.772523,118796.999039,84268.271281,258051.055644,20457.057566,12.637855392325115,7.227164705423683,136945.08247266666,17033.535004333327,0.37250278385059304,False
2025-10-01,148443.997105,109290.218657,39153.778448,127895.514636,88758.823728,276339.511741,20548.482469,15.769578684992824,9.9992858308656,139679.73972466667,18955.770404999992,0.5988837030419905,False
2025-11-01,135043.372918,105282.711631,29760.661287000014,128853.731658,99088.882834,263897.104576,6189.641260000015,7.088184842677925,15.803242949896434,140913.80887600002,15731.727098333338,-0.028662773521611805,False
2025-12-01,153281.543657,115147.301067,38134.24259,130927.793831,92793.551241,284209.337488,22353.749826,10.590214809531107,9.707074281075778,145589.63789333336,16363.957851666672,0.22448627217735032,False
2026-01-01,146827.728181,108682.17176,38145.556421,124869.232122,86723.675701,271696.960303,21958.496059,19.487630257532818,4.787122088818041,145050.88158533335,16833.96238166667,0.8676481671832774,False
2026-02-01,130952.35079,104313.773637,26638.577153,114244.32998,87605.752827,245196.68077,16708.02081,10.706064270940008,8.053250808415967,143687.2075426667,20340.08889833333,0.23286060959821328,False
2026-03-01,148788.035117,110882.493618,37905.541499,124291.369254,86385.827755,273079.404371,24496.665863,7.972129428119357,10.256981043510184,142189.3713626667,21054.394244,0.035234374810427134,False
2026-04-01,183270.424829,111605.036978,71665.387851,154044.241151,82378.8533,337314.66598,29226.183678,37.34428203916751,20.00075535871748,154336.936912,23476.95678366667,2.1584407648152686,False
2026-05-01,183860.595199,143137.086167,40723.509032,143987.153881,103263.644849,327847.74908,39873.441318,44.69537507516761,14.39411796922425,171973.01838166665,31198.763619666668,2.68982462061359,True
2026-06-01,177917.836119,138594.752052,39323.084067,162140.087784,122817.003717,340057.923903,15777.748335,45.46556020910864,43.126065548010864,181682.95204900004,28292.457777,2.7454985107613363,True
2026-07-01,193550.477483,141336.273064,52214.204419,171017.557495,118803.353076,364568.034978,22532.919988,38.01372111943942,36.31431870472084,185109.636267,26061.369880333335,2.2068320881130252,False
2026-08-01,191049.044049,150991.869839,40057.17421,162960.106351,122902.932141,354009.1504,28088.937698,45.460140675670836,41.1161769261017,187505.7858836667,22133.202007,2.7451067523438186,True
